key,value,time
el,1.88846E+13,0
el,1.88846E+12,1
el,1.88846E+13,2
el,1.88846E+12,3
el,1.88846E+13,4
el,1.88846E+13,5
el,1.88846E+12,6
kv,1.61434E+14,0
kv,1.61434E+14,1
kv,1.61434E+14,2
kv,1.61434E+14,3
kv,1.61434E+14,4
kv,1.61434E+14,5
kv,1.61434E+14,6
vv,1.28208E+14,0
vv,1.28208E+14,1
vv,1.28208E+14,2
vv,1.28208E+14,3
vv,1.28208E+12,4
vv,1.28208E+14,5
vv,1.28208E+14,6
